{
    "ball": {
        "pos": [
            663.594482421875,
            -630.4052124023438,
            0
        ]
    },
    "bots": [
        {
            "id": {
                "color": "BLUE",
                "number": 1
            },
            "obj": {
                "pos": [
                    1692.1822509765625,
                    16.58961296081543,
                    0.00014666354400105774
                ]
            }
        },
        {
            "id": {
                "color": "BLUE",
                "number": 2
            },
            "obj": {
                "pos": [
                    -746.5274047851562,
                    -1493.06494140625,
                    0
                ]
            }
        },
        {
            "id": {
                "color": "BLUE",
                "number": 3
            },
            "obj": {
                "pos": [
                    -630.3983764648438,
                    1410.116943359375,
                    0
                ]
            }
        },
        {
            "id": {
                "color": "YELLOW",
                "number": 1
            },
            "obj": {
                "pos": [
                    431.3200378417969,
                    -298.61297607421875,
                    -3.141592502593994
                ]
            }
        }
    ]
}
