{
    "ball": {
        "pos": [
            -1944.9410123935588,
            416.52626951045926,
            0
        ]
    },
    "bots": [
        {
            "id": {
                "color": "BLUE",
                "number": 0
            },
            "obj": {
                "pos": [
                    2124.8055618701105,
                    -1516.169427116671,
                    2.80134328370482
                ]
            }
        },
        {
            "id": {
                "color": "YELLOW",
                "number": 0
            },
            "obj": {
                "pos": [
                    3324.0425166170417,
                    230.5296740958865,
                    3.0921937183620853
                ]
            }
        }
    ]
}
