{
    "ball": {
        "pos": [
            550.1123657226562,
            -177.97396850585938,
            0
        ]
    },
    "bots": [
        {
            "id": {
                "color": "BLUE",
                "number": 1
            },
            "obj": {
                "pos": [
                    -516.8345336914062,
                    -1488.208740234375,
                    0.038788579404354095
                ]
            }
        },
        {
            "id": {
                "color": "BLUE",
                "number": 2
            },
            "obj": {
                "pos": [
                    1585.63427734375,
                    -48.538063049316406,
                    0.017887620255351067
                ]
            }
        },
        {
            "id": {
                "color": "BLUE",
                "number": 3
            },
            "obj": {
                "pos": [
                    -622.6013793945312,
                    1031.549072265625,
                    0.017887620255351067
                ]
            }
        },
        {
            "id": {
                "color": "YELLOW",
                "number": 1
            },
            "obj": {
                "pos": [
                    599.983642578125,
                    6.921869395504102e-13,
                    -3.141592566167013
                ]
            }
        }
    ]
}
