{
    "ball": {
        "pos": [
            810.4596557617188,
            -1804.744384765625,
            0
        ]
    },
    "bots": [
        {
            "id": {
                "color": "BLUE",
                "number": 1
            },
            "obj": {
                "pos": [
                    -467.7262268066406,
                    832.50634765625,
                    0
                ]
            }
        },
        {
            "id": {
                "color": "BLUE",
                "number": 2
            },
            "obj": {
                "pos": [
                    -661.883544921875,
                    -947.2333984375,
                    0
                ]
            }
        },
        {
            "id": {
                "color": "BLUE",
                "number": 3
            },
            "obj": {
                "pos": [
                    1554.7457275390625,
                    -769.2593994140625,
                    0
                ]
            }
        },
        {
            "id": {
                "color": "YELLOW",
                "number": 1
            },
            "obj": {
                "pos": [
                    599.983642578125,
                    -2.03531290292272e-12,
                    -3.141592566167013
                ]
            }
        }
    ]
}
66167013
                ]
            }
        }
    ]
}
  ]
}
