{
    "ball": {
        "pos": [
            -772.2165527343751,
            -1272.2933349609375,
            0
        ]
    },
    "bots": [
        {
            "id": {
                "color": "BLUE",
                "number": 1
            },
            "obj": {
                "pos": [
                    -1034.8995361328125,
                    -1215.7679443359375,
                    -0.28930795192718506
                ]
            }
        },
        {
            "id": {
                "color": "BLUE",
                "number": 2
            },
            "obj": {
                "pos": [
                    1439.003662109375,
                    286.1848449707031,
                    -1.3875195980072021
                ]
            }
        },
        {
            "id": {
                "color": "BLUE",
                "number": 3
            },
            "obj": {
                "pos": [
                    -930.5556030273438,
                    1536.3787841796875,
                    -0.8824129700660706
                ]
            }
        },
        {
            "id": {
                "color": "YELLOW",
                "number": 1
            },
            "obj": {
                "pos": [
                    599.96728515625,
                    -1.4226956968821374e-09,
                    -3.141592502593994
                ]
            }
        }
    ]
}
