{
    "ball": {
        "pos": [
            1539.310302734375,
            -829.202880859375,
            0
        ]
    },
    "bots": [
        {
            "id": {
                "color": "BLUE",
                "number": 2
            },
            "obj": {
                "pos": [
                    1757.8094482421875,
                    -665.348388671875,
                    0.002842869609594345
                ]
            }
        },
        {
            "id": {
                "color": "YELLOW",
                "number": 2
            },
            "obj": {
                "pos": [
                    -960.8253784179688,
                    -792.5682373046875,
                    -2.710718870162964
                ]
            }
        },
        {
            "id": {
                "color": "YELLOW",
                "number": 4
            },
            "obj": {
                "pos": [
                    3378.19091796875,
                    -283.01776123046875,
                    2.921942949295044
                ]
            }
        },
        {
            "id": {
                "color": "YELLOW",
                "number": 7
            },
            "obj": {
                "pos": [
                    3429.6298828125,
                    -475.3963317871094,
                    1.998740553855896
                ]
            }
        }
    ]
}
